{"Shards": [{"Toon": "Magmatrooper", "shards": 330}, {"Toon": "Hermit Yoda", "shards": 330}, {"Toon": "Greef Karga", "shards": 330}, {"Toon": "Garazeb \"Zeb\" Orrelios", "shards": 330}, {"Toon": "Barriss Offee", "shards": 330}, {"Toon": "CT-21-0408 \"Echo\"", "shards": 330}, {"Toon": "B1 Battle Droid", "shards": 330}, {"Toon": "Colonel Starck", "shards": 330}, {"Toon": "BB-8", "shards": 330}, {"Toon": "Poggle the Lesser", "shards": 330}, {"Toon": "First Order SF TIE Pilot", "shards": 330}, {"Toon": "General Kenobi", "shards": 330}, {"Toon": "Jawa Scavenger", "shards": 330}, {"Toon": "Droideka", "shards": 330}, {"Toon": "Ewok Scout", "shards": 330}, {"Toon": "K-2SO", "shards": 330}, {"Toon": "Sith Empire Trooper", "shards": 330}, {"Toon": "Hunter", "shards": 330}, {"Toon": "IG-86 Sentinel Droid", "shards": 330}, {"Toon": "Sith Marauder", "shards": 330}, {"Toon": "Rey (Jedi Training)", "shards": 330}, {"Toon": "Threepio & Chewie", "shards": 330}, {"Toon": "Krrsantan", "shards": 330}, {"Toon": "Kylo Ren", "shards": 330}, {"Toon": "Dengar", "shards": 330}, {"Toon": "Ki-Adi-Mundi", "shards": 330}, {"Toon": "Bo-Katan Kryze", "shards": 330}, {"Toon": "IG-100 MagnaGuard", "shards": 330}, {"Toon": "Fifth Brother", "shards": 330}, {"Toon": "Range Trooper", "shards": 330}, {"Toon": "Qui-Gon Jinn", "shards": 330}, {"Toon": "Royal Guard", "shards": 330}, {"Toon": "Bastila Shan", "shards": 330}, {"Toon": "Geonosian Spy", "shards": 330}, {"Toon": "Jawa", "shards": 330}, {"Toon": "Qi'ra", "shards": 330}, {"Toon": "Poe Dameron", "shards": 330}, {"Toon": "Omega", "shards": 330}, {"Toon": "Eighth Brother", "shards": 330}, {"Toon": "Talia", "shards": 330}, {"Toon": "Admiral Raddus", "shards": 330}, {"Toon": "Nightsister Zombie", "shards": 330}, {"Toon": "Scarif Rebel Pathfinder", "shards": 330}, {"Toon": "Grand Admiral Thrawn", "shards": 330}, {"Toon": "Imperial Probe Droid", "shards": 330}, {"Toon": "Sabine Wren", "shards": 330}, {"Toon": "Paploo", "shards": 330}, {"Toon": "Ewok Elder", "shards": 330}, {"Toon": "Resistance Hero Poe", "shards": 330}, {"Toon": "Chief Chirpa", "shards": 330}, {"Toon": "General Hux", "shards": 330}, {"Toon": "CT-5555 \"Fives\"", "shards": 330}, {"Toon": "Visas Marr", "shards": 330}, {"Toon": "Commander Ahsoka Tano", "shards": 330}, {"Toon": "Luke Skywalker (Farmboy)", "shards": 330}, {"Toon": "Jedi Master Luke Skywalker", "shards": 330}, {"Toon": "Gamorrean Guard", "shards": 330}, {"Toon": "Jedi Knight Anakin", "shards": 330}, {"Toon": "Lando Calrissian", "shards": 330}, {"Toon": "Admiral Piett", "shards": 330}, {"Toon": "General Skywalker", "shards": 330}, {"Toon": "Nightsister Spirit", "shards": 330}, {"Toon": "Clone Sergeant - Phase I", "shards": 330}, {"Toon": "Supreme Leader Kylo Ren", "shards": 330}, {"Toon": "Admiral Ackbar", "shards": 330}, {"Toon": "Ahsoka Tano (Fulcrum)", "shards": 330}, {"Toon": "Stormtrooper", "shards": 330}, {"Toon": "Luminara Unduli", "shards": 330}, {"Toon": "Jango Fett", "shards": 330}, {"Toon": "Hoth Rebel Scout", "shards": 330}, {"Toon": "Nute Gunray", "shards": 330}, {"Toon": "General Veers", "shards": 330}, {"Toon": "Jedi Master Kenobi", "shards": 330}, {"Toon": "Pao", "shards": 330}, {"Toon": "Darth Talon", "shards": 330}, {"Toon": "IG-88", "shards": 330}, {"Toon": "Rey (Scavenger)", "shards": 330}, {"Toon": "Darth Nihilus", "shards": 330}, {"Toon": "Emperor Palpatine", "shards": 330}, {"Toon": "Captain Han Solo", "shards": 330}, {"Toon": "Mon Mothma", "shards": 330}, {"Toon": "Plo Koon", "shards": 330}, {"Toon": "Old Daka", "shards": 330}, {"Toon": "Grand Moff Tarkin", "shards": 330}, {"Toon": "Logray", "shards": 330}, {"Toon": "Geonosian Soldier", "shards": 330}, {"Toon": "Cara Dune", "shards": 330}, {"Toon": "Lord Vader", "shards": 330}, {"Toon": "Resistance Trooper", "shards": 330}, {"Toon": "HK-47", "shards": 330}, {"Toon": "Tusken Raider", "shards": 330}, {"Toon": "Dash Rendar", "shards": 330}, {"Toon": "Cassian Andor", "shards": 330}, {"Toon": "Darth Traya", "shards": 330}, {"Toon": "Baze Malbus", "shards": 330}, {"Toon": "Zaalbar", "shards": 330}, {"Toon": "Clone Wars Chewbacca", "shards": 330}, {"Toon": "Commander Luke Skywalker", "shards": 330}, {"Toon": "B2 Super Battle Droid", "shards": 330}, {"Toon": "Darth Sidious", "shards": 330}, {"Toon": "Obi-Wan Kenobi (Old Ben)", "shards": 330}, {"Toon": "Kylo Ren (Unmasked)", "shards": 330}, {"Toon": "Vandor Chewbacca", "shards": 330}, {"Toon": "Young Lando Calrissian", "shards": 330}, {"Toon": "Han Solo", "shards": 330}, {"Toon": "The Armorer", "shards": 330}, {"Toon": "Veteran Smuggler Han Solo", "shards": 330}, {"Toon": "Wrecker", "shards": 330}, {"Toon": "The Mandalorian", "shards": 330}, {"Toon": "Sith Trooper", "shards": 330}, {"Toon": "Wampa", "shards": 330}, {"Toon": "Veteran Smuggler Chewbacca", "shards": 330}, {"Toon": "Boba Fett, Scion of Jango", "shards": 330}, {"Toon": "Grand Inquisitor", "shards": 330}, {"Toon": "Dark Trooper", "shards": 330}, {"Toon": "Darth Revan", "shards": 330}, {"Toon": "R2-D2", "shards": 330}, {"Toon": "The Mandalorian (Beskar Armor)", "shards": 330}, {"Toon": "Gar Saxon", "shards": 330}, {"Toon": "Enfys Nest", "shards": 330}, {"Toon": "Mother Talzin", "shards": 330}, {"Toon": "Biggs Darklighter", "shards": 330}, {"Toon": "C-3PO", "shards": 330}, {"Toon": "CC-2224 \"Cody\"", "shards": 330}, {"Toon": "Jedi Knight Revan", "shards": 330}, {"Toon": "Padm\u00e9 Amidala", "shards": 330}, {"Toon": "Nightsister Initiate", "shards": 330}, {"Toon": "CT-7567 \"Rex\"", "shards": 330}, {"Toon": "Moff Gideon", "shards": 330}, {"Toon": "Zam Wesell", "shards": 330}, {"Toon": "Jawa Engineer", "shards": 330}, {"Toon": "Tusken Warrior", "shards": 330}, {"Toon": "Jedi Knight Luke Skywalker", "shards": 330}, {"Toon": "Sun Fac", "shards": 330}, {"Toon": "Starkiller", "shards": 330}, {"Toon": "Echo", "shards": 330}, {"Toon": "Embo", "shards": 330}, {"Toon": "Ima-Gun Di", "shards": 330}, {"Toon": "Fennec Shand", "shards": 330}, {"Toon": "T3-M4", "shards": 330}, {"Toon": "Ninth Sister", "shards": 330}, {"Toon": "Hoth Rebel Soldier", "shards": 330}, {"Toon": "Asajj Ventress", "shards": 330}, {"Toon": "General Grievous", "shards": 330}, {"Toon": "Chirrut \u00cemwe", "shards": 330}, {"Toon": "Juhani", "shards": 330}, {"Toon": "Kanan Jarrus", "shards": 330}, {"Toon": "Rose Tico", "shards": 330}, {"Toon": "Jedi Consular", "shards": 330}, {"Toon": "Ahsoka Tano", "shards": 330}, {"Toon": "Director Krennic", "shards": 330}, {"Toon": "Sith Eternal Emperor", "shards": 330}, {"Toon": "Stormtrooper Han", "shards": 330}, {"Toon": "Hera Syndulla", "shards": 330}, {"Toon": "Bastila Shan (Fallen)", "shards": 330}, {"Toon": "Bossk", "shards": 330}, {"Toon": "First Order Executioner", "shards": 330}, {"Toon": "Darth Vader", "shards": 330}, {"Toon": "Count Dooku", "shards": 330}, {"Toon": "Mission Vao", "shards": 330}, {"Toon": "Geonosian Brood Alpha", "shards": 330}, {"Toon": "Darth Maul", "shards": 330}, {"Toon": "Jolee Bindo", "shards": 330}, {"Toon": "Chief Nebit", "shards": 330}, {"Toon": "Tusken Shaman", "shards": 330}, {"Toon": "Imperial Super Commando", "shards": 330}, {"Toon": "First Order TIE Pilot", "shards": 330}, {"Toon": "Darth Sion", "shards": 330}, {"Toon": "Iden Versio", "shards": 330}, {"Toon": "First Order Stormtrooper", "shards": 330}, {"Toon": "Greedo", "shards": 330}, {"Toon": "Rebel Officer Leia Organa", "shards": 330}, {"Toon": "Chewbacca", "shards": 330}, {"Toon": "Chopper", "shards": 330}, {"Toon": "Boba Fett", "shards": 330}, {"Toon": "Wat Tambor", "shards": 330}, {"Toon": "Tusken Chieftain", "shards": 330}, {"Toon": "Wedge Antilles", "shards": 330}, {"Toon": "Mara Jade, The Emperor's Hand", "shards": 330}, {"Toon": "Death Trooper", "shards": 330}, {"Toon": "Carth Onasi", "shards": 330}, {"Toon": "ARC Trooper", "shards": 330}, {"Toon": "Wicket", "shards": 330}, {"Toon": "Second Sister", "shards": 330}, {"Toon": "Mace Windu", "shards": 330}, {"Toon": "Dathcha", "shards": 330}, {"Toon": "Jyn Erso", "shards": 330}, {"Toon": "Teebo", "shards": 330}, {"Toon": "Tech", "shards": 330}, {"Toon": "Amilyn Holdo", "shards": 330}, {"Toon": "URoRRuR'R'R", "shards": 330}, {"Toon": "Sith Assassin", "shards": 330}, {"Toon": "Snowtrooper", "shards": 330}, {"Toon": "Shoretrooper", "shards": 330}, {"Toon": "Princess Leia", "shards": 330}, {"Toon": "Savage Opress", "shards": 330}, {"Toon": "Darth Malak", "shards": 330}, {"Toon": "Finn", "shards": 330}, {"Toon": "Captain Phasma", "shards": 330}, {"Toon": "Ezra Bridger", "shards": 330}, {"Toon": "First Order Officer", "shards": 330}, {"Toon": "Aayla Secura", "shards": 330}, {"Toon": "Seventh Sister", "shards": 330}, {"Toon": "Darth Malgus", "shards": 330}, {"Toon": "Resistance Pilot", "shards": 330}, {"Toon": "Kuiil", "shards": 330}, {"Toon": "Kyle Katarn", "shards": 330}, {"Toon": "Aurra Sing", "shards": 330}, {"Toon": "Jedi Knight Guardian", "shards": 330}, {"Toon": "Canderous Ordo", "shards": 330}, {"Toon": "Maul", "shards": 330}, {"Toon": "Cad Bane", "shards": 330}, {"Toon": "TIE Fighter Pilot", "shards": 330}, {"Toon": "Grand Master Yoda", "shards": 330}, {"Toon": "Shaak Ti", "shards": 330}, {"Toon": "Bistan", "shards": 330}, {"Toon": "IG-11", "shards": 330}, {"Toon": "TIE Echelon", "shards": 330}, {"Toon": "Raven's Claw", "shards": 330}, {"Toon": "Malevolence", "shards": 330}, {"Toon": "First Order SF TIE Fighter", "shards": 330}, {"Toon": "Han's Millennium Falcon", "shards": 330}, {"Toon": "Scimitar", "shards": 330}, {"Toon": "Rex's ARC-170", "shards": 330}, {"Toon": "First Order TIE Fighter", "shards": 330}, {"Toon": "Rey's Millennium Falcon", "shards": 330}, {"Toon": "Sith Fighter", "shards": 330}, {"Toon": "Resistance X-wing", "shards": 330}, {"Toon": "Anakin's Eta-2 Starfighter", "shards": 330}, {"Toon": "Raddus", "shards": 330}, {"Toon": "Hound's Tooth", "shards": 330}, {"Toon": "IG-2000", "shards": 330}, {"Toon": "Xanadu Blood", "shards": 330}, {"Toon": "Ghost", "shards": 330}, {"Toon": "Imperial TIE Bomber", "shards": 330}, {"Toon": "Slave I", "shards": 330}, {"Toon": "TIE Advanced x1", "shards": 330}, {"Toon": "Lando's Millennium Falcon", "shards": 330}, {"Toon": "Ebon Hawk", "shards": 330}, {"Toon": "Plo Koon's Jedi Starfighter", "shards": 330}, {"Toon": "Razor Crest", "shards": 330}, {"Toon": "MG-100 StarFortress SF-17", "shards": 330}, {"Toon": "Vulture Droid", "shards": 330}, {"Toon": "Cassian's U-wing", "shards": 330}, {"Toon": "Outrider", "shards": 330}, {"Toon": "Umbaran Starfighter", "shards": 330}, {"Toon": "Executor", "shards": 330}, {"Toon": "Bistan's U-wing", "shards": 330}, {"Toon": "Emperor's Shuttle", "shards": 330}, {"Toon": "Home One", "shards": 330}, {"Toon": "TIE Silencer", "shards": 330}, {"Toon": "BTL-B Y-wing Starfighter", "shards": 330}, {"Toon": "Biggs Darklighter's X-wing", "shards": 330}, {"Toon": "Executrix", "shards": 330}, {"Toon": "Wedge Antilles's X-wing", "shards": 330}, {"Toon": "Ahsoka Tano's Jedi Starfighter", "shards": 330}, {"Toon": "Negotiator", "shards": 330}, {"Toon": "Imperial TIE Fighter", "shards": 330}, {"Toon": "Clone Sergeant's ARC-170", "shards": 330}, {"Toon": "Endurance", "shards": 330}, {"Toon": "Chimaera", "shards": 330}, {"Toon": "Kylo Ren's Command Shuttle", "shards": 330}, {"Toon": "Phantom II", "shards": 330}, {"Toon": "Geonosian Soldier's Starfighter", "shards": 330}, {"Toon": "Sun Fac's Geonosian Starfighter", "shards": 330}, {"Toon": "Geonosian Spy's Starfighter", "shards": 330}, {"Toon": "Poe Dameron's X-wing", "shards": 330}, {"Toon": "B-28 Extinction-class Bomber", "shards": 330}, {"Toon": "Gauntlet Starfighter", "shards": 330}, {"Toon": "Finalizer", "shards": 330}, {"Toon": "TIE Reaper", "shards": 330}, {"Toon": "Hyena Bomber", "shards": 330}, {"Toon": "Jedi Consular's Starfighter", "shards": 330}, {"Toon": "TIE Defender", "shards": 330}, {"Toon": "Rebel Y-wing", "shards": 330}, {"Toon": "Profundity", "shards": 330}, {"Toon": "Boushh (Leia Organa)", "shards": 330}, {"Toon": "Skiff Guard (Lando Calrissian)", "shards": 330}, {"Toon": "Scythe", "shards": 330}, {"Toon": "Mob Enforcer", "shards": 330}, {"Toon": "Mark VI Interceptor", "shards": 330}, {"Toon": "Jabba the Hutt", "shards": 330}, {"Toon": "0-0-0", "shards": 330}, {"Toon": "Hondo Ohnaka", "shards": 330}, {"Toon": "BT-1", "shards": 330}, {"Toon": "Eeth Koth", "shards": 330}, {"Toon": "Bodhi Rook", "shards": 330}, {"Toon": "Resistance Hero Finn", "shards": 330}, {"Toon": "Rey", "shards": 330}, {"Toon": "Sana Starros", "shards": 330}, {"Toon": "Doctor Aphra", "shards": 330}, {"Toon": "Captain Drogan", "shards": 330}, {"Toon": "Merrin", "shards": 330}, {"Toon": "Saw Gerrera", "shards": 330}, {"Toon": "Cal Kestis", "shards": 330}, {"Toon": "Captain Rex", "shards": 330}]}