{"Shards": [{"Toon": "Hermit Yoda", "shards": 330}, {"Toon": "Greef Karga", "shards": 330}, {"Toon": "Dark Trooper", "shards": 330}, {"Toon": "Darth Revan", "shards": 330}, {"Toon": "R2-D2", "shards": 330}, {"Toon": "Colonel Starck", "shards": 330}, {"Toon": "The Mandalorian (Beskar Armor)", "shards": 330}, {"Toon": "Poggle the Lesser", "shards": 330}, {"Toon": "General Kenobi", "shards": 330}, {"Toon": "Enfys Nest", "shards": 330}, {"Toon": "Biggs Darklighter", "shards": 330}, {"Toon": "Padm\u00e9 Amidala", "shards": 330}, {"Toon": "Jedi Knight Revan", "shards": 330}, {"Toon": "Moff Gideon", "shards": 330}, {"Toon": "Threepio & Chewie", "shards": 330}, {"Toon": "Sun Fac", "shards": 330}, {"Toon": "Dengar", "shards": 330}, {"Toon": "Range Trooper", "shards": 330}, {"Toon": "T3-M4", "shards": 330}, {"Toon": "Royal Guard", "shards": 330}, {"Toon": "Geonosian Spy", "shards": 330}, {"Toon": "Bastila Shan", "shards": 330}, {"Toon": "General Grievous", "shards": 330}, {"Toon": "Juhani", "shards": 330}, {"Toon": "Ahsoka Tano", "shards": 330}, {"Toon": "Paploo", "shards": 330}, {"Toon": "Stormtrooper Han", "shards": 330}, {"Toon": "Ewok Elder", "shards": 330}, {"Toon": "Bastila Shan (Fallen)", "shards": 330}, {"Toon": "Bossk", "shards": 330}, {"Toon": "Chief Chirpa", "shards": 330}, {"Toon": "Luke Skywalker (Farmboy)", "shards": 330}, {"Toon": "Darth Vader", "shards": 330}, {"Toon": "Mission Vao", "shards": 330}, {"Toon": "Geonosian Brood Alpha", "shards": 330}, {"Toon": "Jedi Knight Anakin", "shards": 330}, {"Toon": "Admiral Piett", "shards": 330}, {"Toon": "Jolee Bindo", "shards": 330}, {"Toon": "Admiral Ackbar", "shards": 330}, {"Toon": "Chewbacca", "shards": 330}, {"Toon": "Boba Fett", "shards": 330}, {"Toon": "General Veers", "shards": 330}, {"Toon": "Carth Onasi", "shards": 330}, {"Toon": "Wicket", "shards": 330}, {"Toon": "Mace Windu", "shards": 330}, {"Toon": "Darth Talon", "shards": 330}, {"Toon": "IG-88", "shards": 330}, {"Toon": "Emperor Palpatine", "shards": 330}, {"Toon": "Captain Han Solo", "shards": 330}, {"Toon": "Plo Koon", "shards": 330}, {"Toon": "Grand Moff Tarkin", "shards": 330}, {"Toon": "Logray", "shards": 330}, {"Toon": "Cara Dune", "shards": 330}, {"Toon": "Geonosian Soldier", "shards": 330}, {"Toon": "Snowtrooper", "shards": 330}, {"Toon": "Princess Leia", "shards": 330}, {"Toon": "Darth Malak", "shards": 330}, {"Toon": "HK-47", "shards": 330}, {"Toon": "Dash Rendar", "shards": 330}, {"Toon": "Zaalbar", "shards": 330}, {"Toon": "Commander Luke Skywalker", "shards": 330}, {"Toon": "Obi-Wan Kenobi (Old Ben)", "shards": 330}, {"Toon": "Kyle Katarn", "shards": 330}, {"Toon": "Kuiil", "shards": 330}, {"Toon": "Han Solo", "shards": 330}, {"Toon": "Canderous Ordo", "shards": 330}, {"Toon": "Cad Bane", "shards": 330}, {"Toon": "The Mandalorian", "shards": 330}, {"Toon": "TIE Fighter Pilot", "shards": 330}, {"Toon": "Grand Master Yoda", "shards": 330}, {"Toon": "Wampa", "shards": 330}, {"Toon": "IG-11", "shards": 330}, {"Toon": "Han's Millennium Falcon", "shards": 330}, {"Toon": "Home One", "shards": 330}, {"Toon": "Biggs Darklighter's X-wing", "shards": 330}, {"Toon": "Executrix", "shards": 330}, {"Toon": "Ahsoka Tano's Jedi Starfighter", "shards": 330}, {"Toon": "Imperial TIE Fighter", "shards": 330}, {"Toon": "Hound's Tooth", "shards": 330}, {"Toon": "IG-2000", "shards": 330}, {"Toon": "Slave I", "shards": 330}, {"Toon": "TIE Advanced x1", "shards": 330}, {"Toon": "Geonosian Soldier's Starfighter", "shards": 330}, {"Toon": "Sun Fac's Geonosian Starfighter", "shards": 330}, {"Toon": "Geonosian Spy's Starfighter", "shards": 330}, {"Toon": "Plo Koon's Jedi Starfighter", "shards": 330}, {"Toon": "Razor Crest", "shards": 330}, {"Toon": "Darth Traya", "shards": 330}, {"Toon": "Qi'ra", "shards": 330}, {"Toon": "Hera Syndulla", "shards": 330}, {"Toon": "C-3PO", "shards": 330}, {"Toon": "Garazeb \"Zeb\" Orrelios", "shards": 330}, {"Toon": "Kanan Jarrus", "shards": 330}, {"Toon": "Sabine Wren", "shards": 330}, {"Toon": "Chopper", "shards": 330}, {"Toon": "Ezra Bridger", "shards": 330}, {"Toon": "Phantom II", "shards": 330}, {"Toon": "Ghost", "shards": 330}, {"Toon": "K-2SO", "shards": 330}, {"Toon": "Jyn Erso", "shards": 330}, {"Toon": "Cassian Andor", "shards": 330}, {"Toon": "Cassian's U-wing", "shards": 330}, {"Toon": "Bistan", "shards": 330}, {"Toon": "Bistan's U-wing", "shards": 330}, {"Toon": "Grand Admiral Thrawn", "shards": 330}, {"Toon": "Chirrut \u00cemwe", "shards": 330}, {"Toon": "Mara Jade, The Emperor's Hand", "shards": 330}, {"Toon": "Savage Opress", "shards": 330}, {"Toon": "Darth Nihilus", "shards": 330}, {"Toon": "Sith Empire Trooper", "shards": 330}, {"Toon": "Chimaera", "shards": 330}]}