{
  "Counters": [
    {
      "Lead": "KYLORENUNMASKED",
      "Perso1": "SUPREMELEADERKYLOREN",
      "Perso2": "",
      "Perso3": "",
      "Perso4": "",
      "Perso5": "",
      "Perso6": ""
    },
    {
      "Lead": "KYLORENUNMASKED",
      "Perso1": "GENERALSKYWALKER",
      "Perso2": "CT5555",
      "Perso3": "",
      "Perso4": "",
      "Perso5": "",
      "Perso6": ""
    },
    {
      "Lead": "KYLORENUNMASKED",
      "Perso1": "COMMANDERLUKESKYWALKER",
      "Perso2": "C3POCHEWBACCA",
      "Perso3": "C3POLEGENDARY",
      "Perso4": "CHEWBACCALEGENDARY",
      "Perso5": "HANSOLO",
      "Perso6": ""
    }
  ]
}