{
  "units": [
    {
      "baseId": "TBD_KYLO",
      "unitName": "Kylo",
      "image": "https://game-assets.swgoh.gg/tex.jg_charui_galacticlegend_kylo.png",
      "requiredUnits": [
        {
          "baseId": "CAPITALFINALIZER",
          "gearLevel": 0,
          "relicTier": 0,
          "rarity": 5
        }
      ]
    },
    {
      "baseId": "TBD_Rey",
      "unitName": "Rey",
      "image": "https://game-assets.swgoh.gg/tex.jg_charui_whiteroberey.png",
      "requiredUnits": [
        {
          "baseId": "CAPITALRADDUS",
          "gearLevel": 0,
          "relicTier": 0,
          "rarity": 5
        }
      ]
    },
    {
      "baseId": "JEDIKNIGHTLUKE",
      "unitName": "Jedi Knight Luke",
      "image": "https://game-assets.swgoh.gg/tex.jg_charui_jediknightluke.png",
      "requiredUnits": [
        {
          "baseId": "MILLENNIUMFALCON",
          "gearLevel": 0,
          "relicTier": 0,
          "rarity": 7
        },
        {
          "baseId": "XWINGRED2",
          "gearLevel": 0,
          "relicTier": 0,
          "rarity": 7
        }
      ]
    },
    {
      "baseId": "TBD_JMLS",
      "unitName": "Jedi Master Luke Skywalker",
      "image": "https://game-assets.swgoh.gg/tex.jg_charui_luke_grandmaster.png",
      "requiredUnits": [
        {
          "baseId": "YWINGREBEL",
          "gearLevel": 0,
          "relicTier": 0,
          "rarity": 6
        }
      ]
    },
    {
      "baseId": "TBD_SEE",
      "unitName": "Sith Eternal Emperor",
      "image": "https://game-assets.swgoh.gg/tex.jg_charui_espalpatine.png",
      "requiredUnits": [
        {
          "baseId": "TIEBOMBERIMPERIAL",
          "gearLevel": 0,
          "relicTier": 0,
          "rarity": 6
        }
      ]
    },
    {
      "baseId": "TBD_GK",
      "unitName": "Jedi Master Kenobi",
      "image": "https://game-assets.swgoh.gg/tex.jg_charui_globiwan.png",
      "requiredUnits": [
        {
          "baseId": "CAPITALNEGOTIATOR",
          "gearLevel": 0,
          "relicTier": 0,
          "rarity": 6
        }
      ]
    },
    {
      "baseId": "TBD_LV",
      "unitName": "Lord Vader",
      "image": "https://game-assets.swgoh.gg/tex.jg_charui_anakin_fallen.png",
      "requiredUnits": [
        {
          "baseId": "YWINGCLONEWARS",
          "gearLevel": 0,
          "relicTier": 0,
          "rarity": 7
        }
      ]
    },
    {
      "baseId": "TBD_JABBA",
      "unitName": "Jabba the Hutt",
      "image": "https://game-assets.swgoh.gg/tex.jg_charui_jabbathehutt.png",
      "requiredUnits": [
        {
          "baseId": "OUTRIDER",
          "gearLevel": 0,
          "relicTier": 0,
          "rarity": 7
        }
      ]
    },
    {
      "baseId": "TBD_EXECUTOR",
      "unitName": "Executor",
      "image": "https://game-assets.swgoh.gg/tex.jg_shipui_executor.png",
      "requiredUnits": [
        {
          "baseId": "TIEADVANCED",
          "gearLevel": 0,
          "relicTier": 0,
          "rarity": 4
        },
        {
          "baseId": "TIEBOMBERIMPERIAL",
          "gearLevel": 0,
          "relicTier": 0,
          "rarity": 4
        },
        {
          "baseId": "HOUNDSTOOTH",
          "gearLevel": 0,
          "relicTier": 0,
          "rarity": 4
        },
        {
          "baseId": "SLAVE1",
          "gearLevel": 0,
          "relicTier": 0,
          "rarity": 4
        },
        {
          "baseId": "IG2000",
          "gearLevel": 0,
          "relicTier": 0,
          "rarity": 4
        },
        {
          "baseId": "TIEFIGHTERIMPERIAL",
          "gearLevel": 0,
          "relicTier": 0,
          "rarity": 4
        },
        {
          "baseId": "RAZORCREST",
          "gearLevel": 0,
          "relicTier": 0,
          "rarity": 5
        }
      ]
    },
    {
      "baseId": "TBD_PROFUNDITY",
      "unitName": "Profundity",
      "image": "https://game-assets.swgoh.gg/tex.jg_shipui_profundity.png",
      "requiredUnits": [
        {
          "baseId": "OUTRIDER",
          "gearLevel": 0,
          "relicTier": 0,
          "rarity": 4
        },
        {
          "baseId": "UWINGROGUEONE",
          "gearLevel": 0,
          "relicTier": 0,
          "rarity": 4
        },
        {
          "baseId": "UWINGSCARIF",
          "gearLevel": 0,
          "relicTier": 0,
          "rarity": 4
        },
        {
          "baseId": "XWINGRED2",
          "gearLevel": 0,
          "relicTier": 0,
          "rarity": 4
        },
        {
          "baseId": "XWINGRED3",
          "gearLevel": 0,
          "relicTier": 0,
          "rarity": 4
        },
        {
          "baseId": "YWINGREBEL",
          "gearLevel": 0,
          "relicTier": 0,
          "rarity": 4
        },
        {
          "baseId": "GHOST",
          "gearLevel": 0,
          "relicTier": 0,
          "rarity": 4
        }
      ]
    },
    {
      "baseId": "TBD_LEVIATHAN",
      "unitName": "Leviathan",
      "image": "https://game-assets.swgoh.gg/tex.jg_shipui_leviathan.png",
      "requiredUnits": [
        {
          "baseId": "FURYCLASSINTERCEPTOR",
          "gearLevel": 0,
          "relicTier": 0,
          "rarity": 4
        },
        {
          "baseId": "SITHSUPREMACYCLASS",
          "gearLevel": 0,
          "relicTier": 0,
          "rarity": 4
        },
        {
          "baseId": "TIEDAGGER",
          "gearLevel": 0,
          "relicTier": 0,
          "rarity": 4
        },
        {
          "baseId": "SITHBOMBER",
          "gearLevel": 0,
          "relicTier": 0,
          "rarity": 4
        },
        {
          "baseId": "SITHINFILTRATOR",
          "gearLevel": 0,
          "relicTier": 0,
          "rarity": 4
        },
        {
          "baseId": "SITHFIGHTER",
          "gearLevel": 0,
          "relicTier": 0,
          "rarity": 4
        }
      ]
    },
    {
      "baseId": "CAPITALRADDUS",
      "unitName": "Raddus",
      "image": "https://game-assets.swgoh.gg/tex.charui_raddus.png",
      "requiredUnits": [
        {
          "baseId": "MILLENNIUMFALCONEP7",
          "gearLevel": 0,
          "relicTier": 0,
          "rarity": 7
        },
        {
          "baseId": "XWINGRESISTANCE",
          "gearLevel": 0,
          "relicTier": 0,
          "rarity": 7
        },
        {
          "baseId": "XWINGBLACKONE",
          "gearLevel": 0,
          "relicTier": 0,
          "rarity": 7
        },
        {
          "baseId": "HOUNDSTOOTH",
          "gearLevel": 0,
          "relicTier": 0,
          "rarity": 7
        },
        {
          "baseId": "EBONHAWK",
          "gearLevel": 0,
          "relicTier": 0,
          "rarity": 7
        },
        {
          "baseId": "JEDISTARFIGHTERAHSOKATANO",
          "gearLevel": 0,
          "relicTier": 0,
          "rarity": 7
        },
        {
          "baseId": "MILLENNIUMFALCONPRISTINE",
          "gearLevel": 0,
          "relicTier": 0,
          "rarity": 7
        }
      ]
    },
    {
      "baseId": "CAPITALFINALIZER",
      "unitName": "Finalizer",
      "image": "https://game-assets.swgoh.gg/tex.charui_finalizer.png",
      "requiredUnits": [
        {
          "baseId": "TIEFIGHTERFIRSTORDER",
          "gearLevel": 0,
          "relicTier": 0,
          "rarity": 7
        },
        {
          "baseId": "HOUNDSTOOTH",
          "gearLevel": 0,
          "relicTier": 0,
          "rarity": 7
        },
        {
          "baseId": "COMMANDSHUTTLE",
          "gearLevel": 0,
          "relicTier": 0,
          "rarity": 7
        },
        {
          "baseId": "SLAVE1",
          "gearLevel": 0,
          "relicTier": 0,
          "rarity": 7
        },
        {
          "baseId": "TIESILENCER",
          "gearLevel": 0,
          "relicTier": 0,
          "rarity": 7
        },
        {
          "baseId": "TIEADVANCED",
          "gearLevel": 0,
          "relicTier": 0,
          "rarity": 7
        },
        {
          "baseId": "XANADUBLOOD",
          "gearLevel": 0,
          "relicTier": 0,
          "rarity": 7
        }
      ]
    }
  ]
}