{"TeamsToon": [{"Team": "BH Boosk", "Usage": "All", "Perso1": [{"Name": "Bossk", "Level": "R5"}], "Perso2": [{"Name": "Jango Fett", "Level": "R5"}], "Perso3": [{"Name": "Boba Fett", "Level": "R5"}], "Perso4": [{"Name": "Dengar", "Level": "R5"}], "Perso5": [{"Name": "Greef Karga", "Level": "R5"}]}, {"Team": "Palpa Empire", "Usage": "All", "Perso1": [{"Name": "Emperor Palpatine", "Level": "R7"}], "Perso2": [{"Name": "Darth Vader", "Level": "R7"}], "Perso3": [{"Name": "Mara Jade, The Emperor's Hand", "Level": "R7"}], "Perso4": [{"Name": "Grand Admiral Thrawn", "Level": "R5"}], "Perso5": [{"Name": "Royal Guard", "Level": "R5"}]}, {"Team": "DR Malak", "Usage": "All", "Perso1": [{"Name": "Darth Revan", "Level": "R9"}], "Perso2": [{"Name": "Bastila Shan (Fallen)", "Level": "R8"}], "Perso3": [{"Name": "Darth Malak", "Level": "R7"}], "Perso4": [{"Name": "HK-47", "Level": "G12"}], "Perso5": [{"Name": "Sith Marauder", "Level": "R6"}]}, {"Team": "Padme", "Usage": "All", "Perso1": [{"Name": "Padm\u00e9 Amidala", "Level": "R5"}], "Perso2": [{"Name": "General Kenobi", "Level": "R5"}], "Perso3": [{"Name": "Jedi Knight Anakin", "Level": "R5"}], "Perso4": [{"Name": "Ahsoka Tano", "Level": "R5"}], "Perso5": [{"Name": "R2-D2", "Level": "R5"}]}, {"Team": "BAM +", "Usage": "All", "Perso1": [{"Name": "The Mandalorian (Beskar Armor)", "Level": "R5"}], "Perso2": [{"Name": "Cara Dune", "Level": "R3"}], "Perso3": [{"Name": "Greef Karga", "Level": "R3"}], "Perso4": [{"Name": "Kuiil", "Level": "R3"}], "Perso5": [{"Name": "IG-11", "Level": "R3"}]}, {"Team": "BAM ++", "Usage": "All", "Perso1": [{"Name": "The Mandalorian (Beskar Armor)", "Level": "R5"}], "Perso2": [{"Name": "Kuiil", "Level": "R3"}], "Perso3": [{"Name": "IG-11", "Level": "R3"}], "Perso4": [{"Name": "Dash Rendar", "Level": "R3"}], "Perso5": [{"Name": "Enfys Nest", "Level": "R5"}]}], "TeamsShip": [{"Team": "Rebelle Ackbar", "Usage": "All", "Amiral": "Home One", "Ship1": "Han's Millennium Falcon", "Ship2": "Bistan's U-wing", "Ship3": "Rebel Y-wing", "Ship4": "Cassian's U-wing", "Ship5": "Ghost", "Ship6": "Phantom II", "Ship7": "Biggs Darklighter's X-wing"}, {"Team": "Empire Executrix", "Usage": "All", "Amiral": "Executrix", "Ship1": "Geonosian Soldier's Starfighter", "Ship2": "Hound's Tooth", "Ship3": "Geonosian Spy's Starfighter", "Ship4": "Sun Fac's Geonosian Starfighter", "Ship5": "TIE Advanced x1", "Ship6": "Slave I", "Ship7": "Imperial TIE Fighter"}, {"Team": "Empire Thrawn", "Usage": "All", "Amiral": "Chimaera", "Ship1": "Imperial TIE Bomber", "Ship2": "TIE Advanced x1", "Ship3": "Imperial TIE Fighter", "Ship4": "Emperor's Shuttle", "Ship5": "TIE Defender", "Ship6": "TIE/IN Interceptor Prototype", "Ship7": "Geonosian Spy's Starfighter"}]}